required_experience,0,1
(missing),0.9382978723404255,0.06170212765957447
Associate,0.9817152808010449,0.01828471919895516
Director,0.9562982005141388,0.043701799485861184
Entry level,0.9336299592139414,0.06637004078605858
Executive,0.9290780141843972,0.07092198581560284
Internship,0.973753280839895,0.026246719160104987
Mid-Senior level,0.9703334208453662,0.029666579154633763
Not Applicable,0.946236559139785,0.053763440860215055
